Endocrinology	29	45				102-114
Positive feedback loop	1	14	7			106-107,132, 162
Negative feedback loop	1	14	7			106-108
Neurocrine	3	2	17			102
Exocrine	2	1				
Endocrine	3	2	1			113
Steroid Hormones	1	6				111-112
Chemical properties of steroid hormones	7	6				115
Steroid Hormone Synthesis	7	30	46			112
Signaling pathway of steroid hormones	8	7	1			115-119
Progesterone 	30	3				122-123
Testosterone	46	3				122-123
Estrogen	30	2	3			122-123
Non-Steroid Hormones	6	2	3	4		110-114
Chemical properties of non-steroid hormones 	14	17				110
Signaling pathway of non-steroid hormones 	14	15				114
Gonadotropin Releasing Horomone	26	4	3	2		122-123
Follicle stimulating Hormone	27	6	14			122-123
Luteinizing Hormone	27	6	14			122-123
Prostaglandin F2 alpha	32	14				122-123
Embryonic Hormones	32	14				122-123
Sexual Maturation	29	26				128-131
Control of Sexual Maturation	26	35				131-133
Factors that impact onset of Puberty	26	25	54			133-137
Neural anatomy and function 	21	1	17			102-108
Hypothalamic function 	25	3	2			162-164
Anterior Pituitary function 	25	3	18	19		102-105
Posterior Pituitary function 	25	2				102-105
Female reproductive anatomy 	7	59	1			 11-41
Ovary	29	6	13	11		24-26
Oviduct	29	58	21			26-29
Uterus	29	58	21			15-23, 30-34
Cervix	29	56				15-23
Female Secondary organs	31	32	33			26-41
Estrous cycle	7	29	25	30		141-153
Menstrual cycle	7	29	30			154-156, 336-341
Follicular phase	35	30				161-175
Oogenesis	37	30				176-177
Folliculogenesis 	37	30				164-166
Luteal phase	35	30				181-192
Ovulation 	39	35				173-175
Lutenization	40	30	41			181-188
Luteal function	40	30	7			188-191
Luteolysis	40	30	35			192-196
Male reproductive anatomy	7	59	1			41-77
Testicles	45	6	51			45-47
Epididymus 	45	51	56			63-69
Vas deferens 	45	56				47-55
Penis	45	55	56			46-57
Male Secondary organs	47	48	49			68-77
Sperm production 	46	1				66, 203-206
Spermatogenesis 	46	27				207-215
Spermatogenic waves	46	22				214-215
Reproductive behavior 	4	1	26			230-239
Copulation	45	29	1			239-247
Sperm transport 	34	38				255-260
Fertilization 	41	56				260-265
Embryo development 	34	14				273-279
Embryogenesis of reproductive tract	25	29				81-86
Sexual Differentiation 	25	45				86-97
Alpha-fetoprotein 	25	26				127-128
Maternal recognition of pregnancy	63	14				279-284
Gestation 	29	6				304-306
Placentation 	29	63				294-304 
Parturition 	2	14				308-311
Postpartum period	26	35				315-323
Mammary Gland anatomy	29	22				326-327
Growth and development of the mammary gland	59	63				324-325
Lactation	2	27				323,329-331
Regulation of Milk yield	26	1				328-329
Reproductive Biotechnologies	29	1				340-345
Artificial insemination 	29	56				266-269
Estrous synchronization 	35	30	6			197-200
Superovulation	35	30	6			174-176
Embryo Transfer	58	62				284-289, 345